{
  "15m": {
    "mean_error": 0.5,
    "max_error": 0.95,
    "rmse": 0.609449400220044,
    "empirical_coverage": {
      "q05": 1.0,
      "q10": 1.0,
      "q25": 1.0,
      "q50": 1.0,
      "q75": 1.0,
      "q90": 1.0,
      "q95": 1.0
    }
  },
  "30m": {
    "mean_error": 0.39335350288361537,
    "max_error": 0.714912861239797,
    "rmse": 0.4710416078902875,
    "empirical_coverage": {
      "q05": 0.5631296418854328,
      "q10": 0.814912861239797,
      "q25": 0.9545554820207368,
      "q50": 0.9698507243179646,
      "q75": 0.9806603426722553,
      "q90": 0.9841900139716155,
      "q95": 0.9861754540775057
    }
  },
  "60m": {
    "mean_error": 0.49819314445389906,
    "max_error": 0.9387491727332892,
    "rmse": 0.6067097437967607,
    "empirical_coverage": {
      "q05": 0.9887491727332892,
      "q10": 0.99933818663137,
      "q25": 0.9996323259063167,
      "q50": 0.9997058607250533,
      "q75": 0.9999264651812634,
      "q90": 1.0,
      "q95": 1.0
    }
  },
  "2h": {
    "mean_error": 0.4984557688065299,
    "max_error": 0.9452937716008529,
    "rmse": 0.6074013070287745,
    "empirical_coverage": {
      "q05": 0.995293771600853,
      "q10": 0.9971321420692698,
      "q25": 0.9984557688065299,
      "q50": 0.9992646518126332,
      "q75": 0.9994852562688433,
      "q90": 0.99977939554379,
      "q95": 0.99977939554379
    }
  },
  "4h": {
    "mean_error": 0.4705860725053312,
    "max_error": 0.8866129862489889,
    "rmse": 0.5757595587833153,
    "empirical_coverage": {
      "q05": 0.9366129862489889,
      "q10": 0.9583057577763071,
      "q25": 0.9648503566438709,
      "q50": 0.9729391867049048,
      "q75": 0.9813956908596221,
      "q90": 0.9878667549084491,
      "q95": 0.9921317743951761
    }
  }
}