{
  "distributional": {
    "15m": {
      "crps": 0.03330559183962509,
      "picp_80": 0.0,
      "picp_50": 0.0,
      "mpiw_80": 0.00688965804874897,
      "mpiw_50": 0.00313608068972826
    },
    "30m": {
      "crps": 0.001444212665124759,
      "picp_80": 0.1692771527318185,
      "picp_50": 0.026104860651518492,
      "mpiw_80": 0.007720664143562317,
      "mpiw_50": 0.003151525743305683
    },
    "60m": {
      "crps": 0.008692438968842508,
      "picp_80": 0.0006618133686300463,
      "picp_50": 0.0002941392749466873,
      "mpiw_80": 0.0075520109385252,
      "mpiw_50": 0.0034648748114705086
    },
    "2h": {
      "crps": 0.012381429479830468,
      "picp_80": 0.0026472534745201853,
      "picp_50": 0.0010294874623134054,
      "mpiw_80": 0.00652333814650774,
      "mpiw_50": 0.0029411250725388527
    },
    "4h": {
      "crps": 0.0043054795350256315,
      "picp_80": 0.02956099713214207,
      "picp_50": 0.01654533421575116,
      "mpiw_80": 0.004866099916398525,
      "mpiw_50": 0.002539707813411951
    }
  },
  "calibration": {
    "q05": 0.8467571144937127,
    "q10": 0.8539377895433488,
    "q25": 0.7334987866754908,
    "q50": 0.4883520847121112,
    "q75": 0.24229355099639682,
    "q90": 0.09436723288477089,
    "q95": 0.04561732480329439,
    "mean": 0.47211769772987516,
    "max": 0.8539377895433488,
    "empirical_coverage": {
      "q05": 0.8967571144937128,
      "q10": 0.9539377895433487,
      "q25": 0.9834987866754908,
      "q50": 0.9883520847121112,
      "q75": 0.9922935509963968,
      "q90": 0.9943672328847709,
      "q95": 0.9956173248032943
    }
  },
  "point": {
    "15m": {
      "ic": 0.0010816451714638197,
      "da": 0.5170233105375395,
      "rmse": 0.07021095603704453,
      "mae": 0.07016172260046005
    },
    "30m": {
      "ic": -0.005967675447455174,
      "da": 0.518494006912273,
      "rmse": 0.004878606181591749,
      "mae": 0.004468817729502916
    },
    "60m": {
      "ic": -0.001384402301500083,
      "da": 0.5288624163541437,
      "rmse": 0.021346397697925568,
      "mae": 0.021156536415219307
    },
    "2h": {
      "ic": -0.022627037862284434,
      "da": 0.5363629678652843,
      "rmse": 0.027021804824471474,
      "mae": 0.026678889989852905
    },
    "4h": {
      "ic": -0.02595326425859039,
      "da": 0.5447459372012649,
      "rmse": 0.010872186161577702,
      "mae": 0.00988698285073042
    }
  }
}